Index,ID,Address label,Coin,Network,Address_metamask,Address_okx,okx_account,bridge1,bridge2,bridge3,bridge4,bridge5,bridge6,swap1,swap2,swap3,swap4,swap5,swap6
1,1,0001_eth,eth,arbitrum,0x87D25f2A8cfABa06bA60bE911DA3401604531229,0xb810ac2151cdea78706657e729bd6d4380077b9a,toberich888001,,,,,,,,,,,,
2,2,0002_eth,eth,arbitrum,0x20BE2a74d3cECdD5dC192F813B3C1365A0896b4A,0x5d9a3db87b250ac554eefb457c7b1b5f40e2d2b8,toberich888001,,,,,,,,,,,,
3,3,0003_eth,eth,arbitrum,0x5842b90d5Ba4a545E5c41E1689089367953C987b,0x79d0552c1f7a8b61870ba67574d8e5acd031da4e,toberich888001,,,,,,,,,,,,
4,4,0004_eth,eth,arbitrum,0xf1522aa4390f57fC3C9C309dD1388882cF4c0216,0x33005bc7afbac86313a1c9dc4396954bef24915c,toberich888001,,,,,,,,,,,,
5,5,0005_eth,eth,arbitrum,0x6EC2509b69c0015046BbbEBA8a1C55A522A810Dd,0x86e3475a44e2cb254bed43f90dea078bc623ba3b,toberich888001,,,,,,,,,,,,
6,6,0006_eth,eth,arbitrum,0x4bB2F63a562eC44Bba554380205A183d47E683a3,0xa43b4c7b6b7200e7e72afb3bded085796740238f,toberich888001,,,,,,,,,,,,
7,7,0007_eth,eth,arbitrum,0x3238f3d0Aa88d79AE05Ed8d236cf186cDe03426f,0x78dff06efaab0060ecd1ed7a9c9c6eec7cbd8d8f,toberich888001,,,,,,,,,,,,
8,8,0008_eth,eth,arbitrum,0xe1d17ddc2d3F246fC9DB516b8f1A2C17a020762e,0x96d045b207862365bb26480d43d4cfe24136ebe5,toberich888001,,,,,,,,,,,,
9,9,0009_eth,eth,arbitrum,0xAE9fa765B261f8518aCABf461Fc1b3fB96279a0b,0x700e3404556e0085fc998ff364622090813d562a,toberich888001,,,,,,,,,,,,
10,10,0010_eth,eth,arbitrum,0x71a6dFe3aE69C4933B9107895148F8A1F19C1C8D,0x7584f5d00af1f0facd78e8583559d7f9024c98c4,toberich888001,,,,,,,,,,,,
11,11,0011_eth,eth,arbitrum,0x2A1291F774D8feEdCC557115bf463c42A851f102,0x8bd2792fb459abbf6eed534f85a871cc423067db,toberich888001,,,,,,,,,,,,
12,12,0012_eth,eth,arbitrum,0xf7735390B9370fE6b585dB42dec7c5B8fa598577,0x7fce227af36daf0e68e0b333ee2abfb05f3187e9,toberich888001,,,,,,,,,,,,
13,13,0013_eth,eth,arbitrum,0x5dA9Cf6768113bA85C3Bd0DF6a636319D304C3fA,0xebc4d9ec8426324f866a65fe6fe925c82284740b,toberich888001,,,,,,,,,,,,
14,14,0014_eth,eth,arbitrum,0xDBc5afFbD74a06fCc600e354A05FF3E719cE5393,0xf297380bc1629dc9b478a289fb9bae262d4ef5ed,toberich888001,,,,,,,,,,,,
15,15,0015_eth,eth,arbitrum,0x252F5CD31D47d5A4819E69Ddb3048ce400E88d53,0x1b3a5a56fa03443fe748a181f03be9a64b1b019f,toberich888001,,,,,,,,,,,,
16,16,0016_eth,eth,arbitrum,0x7e22B240237dCa06E05097c3c2eaA9264a905765,0xcc7f8348b9283eef4bcb5040262cfd259d5d727e,toberich888001,,,,,,,,,,,,
17,17,0017_eth,eth,arbitrum,0xcCFCe2589ad1Dd94e8a2ebd4F1f636b15BEB6851,0x2748cbfc7fe13c900ce57d2697fe0e9d329c7892,toberich888001,,,,,,,,,,,,
18,18,0018_eth,eth,arbitrum,0xd280418758f45881b9b00f1ccC9a183c6e05d85f,0xdc5fb12316275bb06571886c5bbb5048780c48bf,toberich888001,,,,,,,,,,,,
19,19,0019_eth,eth,arbitrum,0x914Aa322D0DDbF8646E154b58788a21170Bef01E,0xa62d03e1473e07dc2b858e8977727df62e444f97,toberich888001,,,,,,,,,,,,
20,20,0020_eth,eth,arbitrum,0x86059dB6605a1c5F32A26f0861aA8a05F5F0eee2,0xc4d2d2559978ad6a1acf76d113c4925d8de3a381,toberich888001,,,,,,,,,,,,
21,21,0021_eth,eth,arbitrum,0x8CFADd0bF6b57B3ec262751f87aAed0504e5D85F,0xbfb600ad08f1f44b190a36dca164e91a25400717,toberich888002,,,,,,,,,,,,
22,22,0022_eth,eth,arbitrum,0x3e7Bf8D2AC2D68E188eF60e1C203067C38F53c5B,0xf6e9159bb8582de56af09b09542a96a648ce8c67,toberich888002,,,,,,,,,,,,
23,23,0023_eth,eth,arbitrum,0x3ddd3781f5D44CA92249Dea9576538b57e100f9C,0x03ff68c55d5f3b557dcf0a75fdddf0b3434b60d1,toberich888002,,,,,,,,,,,,
24,24,0024_eth,eth,arbitrum,0x42bBFf96B0FAD436Fb4063ff00ec613A73aCf0DE,0x2b5e3a95d30c2898b8aa2b3f5c07be86ce0dcd4a,toberich888002,,,,,,,,,,,,
25,25,0025_eth,eth,arbitrum,0x733552ac8391AEE0786A4F310e411b914778f84f,0x9e567b618c070acb087cc6db42bd5c7d1eb36228,toberich888002,,,,,,,,,,,,
26,26,0026_eth,eth,arbitrum,0xC5DA8Bc3424a0284EfF380135a82c9E99EA1533D,0x483d4243c05ff89b719a373a7eaadb7390226a50,toberich888002,,,,,,,,,,,,
27,27,0027_eth,eth,arbitrum,0x69A9C5218dA8dA5D55aaB8bc298e28c070BA06f9,0x6d04070d685e18fc99b77de526729133794ee67f,toberich888002,,,,,,,,,,,,
28,28,0028_eth,eth,arbitrum,0xb20352472a7C2E56E521Bc3b5b5EC4fa46574606,0x24d97cf923d429cc4c1ba68d4857460b3ea55681,toberich888002,,,,,,,,,,,,
29,29,0029_eth,eth,arbitrum,0x3Ebf6637A9A5fe5116106B8cAEB323ad7D9d59E0,0x3c8bb9792a325ab4afc0c61fa6eeec5cd28ecdec,toberich888002,,,,,,,,,,,,
30,30,0030_eth,eth,arbitrum,0x4befFE2Db7b856e97cef7A27dA66555C4Fb163c8,0x48abcdb66850ed898892a0accb0f89fadf268b77,toberich888002,,,,,,,,,,,,
31,31,0031_eth,eth,arbitrum,0xa5EBbd10934878660F804B5cFAbcf8Ddc699DB00,0x6af68a6163d9e2a1042ec58287301e4b83346d82,toberich888002,,,,,,,,,,,,
32,32,0032_eth,eth,arbitrum,0x44B66ab547a283BaC81D3950EEA4BC365809df26,0x531457f8993c7ea4ff2726213f4b91916847542f,toberich888002,,,,,,,,,,,,
33,33,0033_eth,eth,arbitrum,0xd39Ab28f0D6336Ca225A3cDeb7f0c74a8A9c3A85,0xde341cb0640eff6a5b9725d08264a1424760230f,toberich888002,,,,,,,,,,,,
34,34,0034_eth,eth,arbitrum,0xfAFe89a9402ef64438679Af1f725c258593Fce62,0x046fd0b9b4b4bb05ef6960a648c4a3c054e412b9,toberich888002,,,,,,,,,,,,
35,35,0035_eth,eth,arbitrum,0x2030175A286992Df646C2d94014d0D3f2a70Ab25,0x12fa74c93b0ea0ac8c20049f9447431b985dffac,toberich888002,,,,,,,,,,,,
36,36,0036_eth,eth,arbitrum,0x5666312CDF2BB88498Caf778514f5DfB471B7AD2,0x36a3e711be51456384a7766fdda73e230fe56f9c,toberich888002,,,,,,,,,,,,
37,37,0037_eth,eth,arbitrum,0x855807e15EB0bBD67844f25296Cb475518d1d105,0xbc12f7fab5778a583bc38db0d510aa0d00ba78ac,toberich888002,,,,,,,,,,,,
38,38,0038_eth,eth,arbitrum,0x5aAF6a1596518E6395c7CE6E85D78540dcBa0672,0xa2ec030b90c01eb8c28deaf50811803e62b75786,toberich888002,,,,,,,,,,,,
39,39,0039_eth,eth,arbitrum,0xFDf7298003016Dd459C2a3B8F6C3f0365BdCC7d5,0x9925da21c7322c0d9716a83d327b6a7e339fc429,toberich888002,,,,,,,,,,,,
40,40,0040_eth,eth,arbitrum,0xdCf4D67a51cfA8e1f9B539D5f0DE1e032B5f54ec,0x0f3315398bfd9330367aa97a059c929bf9d23fee,toberich888002,,,,,,,,,,,,
41,41,0041_eth,eth,arbitrum,0xA49188fa9F357c20044a8800D25BE412642153fe,0x714416b1b5892f7002bf496a54919bfb81b3556e,toberich888003,,,,,,,,,,,,
42,42,0042_eth,eth,arbitrum,0x777C2DF06607d4A34eDAFf4E451bCb9c5A5440Ea,0x2f28bf2fe340c150b5665dc21ee348ad2025462a,toberich888003,,,,,,,,,,,,
43,43,0043_eth,eth,arbitrum,0x7d2811b9207fC9c2C4DEBeF93Cd2CC56749382B2,0x3bc3f78d92cbd12657a8fca758bf48f795ba3bbf,toberich888003,,,,,,,,,,,,
44,44,0044_eth,eth,arbitrum,0x690DAd38D0722BD90569fb817335b7E92B4D339e,0xd9c0686147a6626f04334fdca96cd137548c0427,toberich888003,,,,,,,,,,,,
45,45,0045_eth,eth,arbitrum,0xE2CAb05649FB4DdA8D5C7a32A49aFC7987FE01fa,0xd7cdafb4f7f13e245057fba8f1e8062acea9b582,toberich888003,,,,,,,,,,,,
46,46,0046_eth,eth,arbitrum,0x77582296bc14becadb925C74780126949229146f,0x02c3e91ada1b8e9719052eba48312bcd0ea4e5ce,toberich888003,,,,,,,,,,,,
47,47,0047_eth,eth,arbitrum,0x5c211bE126F1A3f972787f00b2694a84AF56ec5b,0x3ee6ad7c98126cd3c996940a523b6467e036b9ef,toberich888003,,,,,,,,,,,,
48,48,0048_eth,eth,arbitrum,0x3D55eE422B73460e71999aF524Ffe94a5dD46934,0x8ebdbd1de7d51faba50ef6b0342ebc63e01c6b0d,toberich888003,,,,,,,,,,,,
49,49,0049_eth,eth,arbitrum,0x8A1F2c8a76F6f4837B5A1485e1fd6C09F0c44aA8,0x98b99d37d287d7fb36a854b690259a956bfe0d0c,toberich888003,,,,,,,,,,,,
50,50,0050_eth,eth,arbitrum,0x43bE0e2713D6A2525ebF9a4Eb429af9A0f2a77D7,0x37cc017eeedadcbd46be4860e0d148914b3929ff,toberich888003,,,,,,,,,,,,
51,51,0051_eth,eth,arbitrum,0xf4fe3515ABAD4b400f2135640dC31B5feA777978,0x147b2f1b204f81980775018845ce203980f34887,toberich888003,,,,,,,,,,,,
52,52,0052_eth,eth,arbitrum,0xc2c2109DB2B535E2adf62028FBAD740515DCD2EE,0x6242667ae8784252a8220ae2bd205d841464e27c,toberich888003,,,,,,,,,,,,
53,53,0053_eth,eth,arbitrum,0xD5310C8e1aCce0daD2A85490ebd4bf06420E3140,0xe6e0bf5102470b80524bfde0390496267100c252,toberich888003,,,,,,,,,,,,
54,54,0054_eth,eth,arbitrum,0x2130560405656CE3baad1FA8056C2554883b7b92,0x6178f60653cdca94852c9e10496f5317a3862755,toberich888003,,,,,,,,,,,,
55,55,0055_eth,eth,arbitrum,0xEA37704Be7bC4575B111BD92796Fe02C2088D5EB,0x8f80320aad0ae89d4abb52bc2b2fe5228f31e501,toberich888003,,,,,,,,,,,,
56,56,0056_eth,eth,arbitrum,0xd2370390764839008021E95C70C80769AcfFF4A9,0xc0851cd389285d7e898edafb68aada988be8264c,toberich888003,,,,,,,,,,,,
57,57,0057_eth,eth,arbitrum,0x2d5997Cd1f7Dab6cD9a3b6246Daa55D544a0Fcd6,0xa06b4514e060255a039e842e3599493e5232a625,toberich888003,,,,,,,,,,,,
58,58,0058_eth,eth,arbitrum,0x373a7Cdc04ca76Fc681De9365dD802A24BE725ab,0xdd396d4ba6c3d3d21e2929cd9e67f4f5bab00ac1,toberich888003,,,,,,,,,,,,
59,59,0059_eth,eth,arbitrum,0x5C7F4b0dF3c2eBC9293ADD99E8598A8Aa173B168,0x73500e05531c12197fe7ad19f1fd1ffbf5a74ea5,toberich888003,,,,,,,,,,,,
60,60,0060_eth,eth,arbitrum,0x30bD92f4B8902a0Bf36B477430442504365E3f77,0xd29a9df9735f2059f561d37778d62f62bf157eb6,toberich888003,,,,,,,,,,,,
61,61,0061_eth,eth,arbitrum,0xC0497A20Dde150c20922231bB6bcB56cc41B7C62,0xa677554e8e52d5ab9cda4acca169c7f9fd15a6e2,toberich888004,,,,,,,,,,,,
62,62,0062_eth,eth,arbitrum,0x524B9Cd256668f02aC246F62Dc1E9143159D0b85,0x0ba059297d8122b1cdb2ef5cc8d73caad4a3a6be,toberich888004,,,,,,,,,,,,
63,63,0063_eth,eth,arbitrum,0xE45d66c5900bcd5059666DA0CE1F977faaFb69d5,0x56fe9b5adcaf41e2568e6743cea5744cb5ea8a1b,toberich888004,,,,,,,,,,,,
64,64,0064_eth,eth,arbitrum,0x8291f302189283B0C0E4c78B340070a8d748DdD9,0x99fc855623a06e3482ae07fcb423ed41cc4d8f76,toberich888004,,,,,,,,,,,,
65,65,0065_eth,eth,arbitrum,0xBaDDBaED3b19F6ca4778bE9580b8d12c1FCf25Ea,0xa42655a3c5c0ddd99df7bfea66376bbcaa7bea57,toberich888004,,,,,,,,,,,,
66,66,0066_eth,eth,arbitrum,0xD5D84B783286225083200c0FD2e819e0d600e2F7,0x9da971d586d3af5806e2575c49f1e49075cddbc6,toberich888004,,,,,,,,,,,,
67,67,0067_eth,eth,arbitrum,0xb485a94D6Af76898707B3aa7805c189C7825Ed49,0x78be641eebcdb259473af06b05d4c7a56a2c26bc,toberich888004,,,,,,,,,,,,
68,68,0068_eth,eth,arbitrum,0x0DE0b32e0a731A04B369A472b21313e05F5CD50B,0x179448f9d8c8f97060060170381a587b3679adc8,toberich888004,,,,,,,,,,,,
69,69,0069_eth,eth,arbitrum,0x8811bc7f71b08624f2f9F49A4De9bb55BBb08b7A,0x8d6853ce221ee927bd011d9c84dd520a581f511e,toberich888004,,,,,,,,,,,,
70,70,0070_eth,eth,arbitrum,0x7F642c381294ba786dd2fF22cdC64314eB5A7e5F,0x83c62f9669be9b9d23fa7c7d5cd52435c83f4ef3,toberich888004,,,,,,,,,,,,
71,71,0071_eth,eth,arbitrum,0x489Eb2CD8495Ca4588EADd5fE485F96Ed20dba40,0x9d8b62278d4c8f8abf8e1d216b76e4949f03c4d4,toberich888004,,,,,,,,,,,,
72,72,0072_eth,eth,arbitrum,0x82b4cED262f5C554429D33821B494E9db3620361,0xddfc2e9ec55d3729af3f331d07238d0391d67827,toberich888004,,,,,,,,,,,,
73,73,0073_eth,eth,arbitrum,0x8872D0aC7948A389b8900d84ce527A865678ed8c,0x6d29d3837609e8c9073268ad16767757feb9150d,toberich888004,,,,,,,,,,,,
74,74,0074_eth,eth,arbitrum,0x1216620d91BA5341c6F7A20e62F9a690606c49AA,0xdd447c6825f0ea15587d15e2ef76c8be058ff422,toberich888004,,,,,,,,,,,,
75,75,0075_eth,eth,arbitrum,0xB6161D0a9c4acc1b4b5f3e633377188ac2D4715B,0xdb5e03ed7ee404b43d5454db18090c471eb6e08d,toberich888004,,,,,,,,,,,,
76,76,0076_eth,eth,arbitrum,0x614F7041f87ed7c1c9d8893Fa9f0169d32e5cbD2,0x03195effaa063f7c9f3e97c6f7ee381464a52647,toberich888004,,,,,,,,,,,,
77,77,0077_eth,eth,arbitrum,0xA25f9F214Ce7606FfdcC6874de2cc57daFB917Ac,0x024b847d62946bd078bb73b74841c9c79baeae59,toberich888004,,,,,,,,,,,,
78,78,0078_eth,eth,arbitrum,0xFbf466b4e11a272f7E78BfC41Ee603B7ed3A7627,0xf0f4a4fea49e3a5f4e41f8b201574994547ba2be,toberich888004,,,,,,,,,,,,
79,79,0079_eth,eth,arbitrum,0x0D5621C55572F5db847d529BdFab1887FAcEc138,0x10b4b4318e68e304e99c58bac4fb865942c68394,toberich888004,,,,,,,,,,,,
80,80,0080_eth,eth,arbitrum,0xF0A49c0898551F3B493ca5A2adFe3EE6C6ad5DC3,0x52d86bc352d066796a15c1b04cc974dab544a53e,toberich888004,,,,,,,,,,,,
81,81,0081_eth,eth,arbitrum,0xbBC5c5B8ed370e280702EB641567E5E59525618C,0x2b80102b18f7155a9e8f502e50dd60137e090387,toberich888005,,,,,,,,,,,,
82,82,0082_eth,eth,arbitrum,0xD073C173B36e1cEAFf2CfEf3656238e200f468d9,0xebd116bfb3a88b49060d9fdabea41201b1c863e2,toberich888005,,,,,,,,,,,,
83,83,0083_eth,eth,arbitrum,0x302bB50e2E70c42045816F97928F84412d51Bd78,0x672ca765b368df4ade106de5d222f1781b24df24,toberich888005,,,,,,,,,,,,
84,84,0084_eth,eth,arbitrum,0xd87ed41e20944FbF043e59f3D444a326698d08B9,0xde57011ef46c8f8fc9fbf8fd93b44fb382c42d19,toberich888005,,,,,,,,,,,,
85,85,0085_eth,eth,arbitrum,0x3D8E17f7D0aACDe44dB79bb611f1a237549c5514,0x8ec535870a2007ac112a642e60df570c46a7da84,toberich888005,,,,,,,,,,,,
86,86,0086_eth,eth,arbitrum,0xDE7275731fB9cCdd0FEC699428Eaaa912A0bB64b,0x5f0f76e4762368a0ec16cbf39638b8d4810c9c05,toberich888005,,,,,,,,,,,,
87,87,0087_eth,eth,arbitrum,0x0B5b17E7D78C64B20E5e22a2740Ee93d6A5081BA,0xc277f98b1d95aef3dc83f9d7ac5554f79bf764d2,toberich888005,,,,,,,,,,,,
88,88,0088_eth,eth,arbitrum,0x7A2ec24A1768d8379Dfe7Bcf3082aF94B9e9C917,0x9af92d7850d7ccf0512cd21da33c26dff1b940aa,toberich888005,,,,,,,,,,,,
89,89,0089_eth,eth,arbitrum,0x13d828FE96C81B6A14a5D42827064E51AFe7437D,0x87a0089716861ed8195f7ba7da245dfe64d63916,toberich888005,,,,,,,,,,,,
90,90,0090_eth,eth,arbitrum,0x3A27baEBDC966f6b683e1a6f53d155278b8cBEA2,0x3e8e45d1de7dcfb735db1046d4e468537a7b791f,toberich888005,,,,,,,,,,,,
91,91,0091_eth,eth,arbitrum,0x374A1Bf5F4A49E4561ebC4bB6a93192aec4776BD,0x70509416be5058f9417da36af5a40ebbae641726,toberich888005,,,,,,,,,,,,
92,92,0092_eth,eth,arbitrum,0xDE58FD6B98FdAfC97d4b33E19026ddD380919941,0xe6ad8dcd15276d39f6c6652b1d5e678966f2b707,toberich888005,,,,,,,,,,,,
93,93,0093_eth,eth,arbitrum,0x578E5cF9C646D62e84926479Cfb30051054Ed1ba,0xdac926095eca4c96c7d5f1a8b5a761ce00a904fc,toberich888005,,,,,,,,,,,,
94,94,0094_eth,eth,arbitrum,0x5FfD3453259477B3404881bc3A818f03108aD8f8,0xc2f1c54a0aa2f68037aff2a904623f39df981315,toberich888005,,,,,,,,,,,,
95,95,0095_eth,eth,arbitrum,0x97D8210256568C14070413Cff132696Af9a14c42,0xe47751b9251a03a26b44ec1484792e47763eaa39,toberich888005,,,,,,,,,,,,
96,96,0096_eth,eth,arbitrum,0xD7cA92a00aF69A545BFe42E0f894fDb2Cf566e6F,0xef693500376c5a27a60c934d6bfdb82c1800c715,toberich888005,,,,,,,,,,,,
97,97,0097_eth,eth,arbitrum,0x2656660bBa12bbfe9Fc6cfF931dCe30E187A3Cd0,0xa871cbabf958346682737623881bb3bb5a14c003,toberich888005,,,,,,,,,,,,
98,98,0098_eth,eth,arbitrum,0x99AeE650a7Eb667B23E373aFE1C4c62C66A5C223,0xcca28953a08cdcd0ba7fd645142910339b6b217d,toberich888005,,,,,,,,,,,,
99,99,0099_eth,eth,arbitrum,,0x10eb0d19b301032a0eca5985be5c2d76896f0582,toberich888005,,,,,,,,,,,,
100,100,0100_eth,eth,arbitrum,,0x3979d85d5136fa2270887a0a310810fb1e22f68d,toberich888005,,,,,,,,,,,,
